Creator,Creator Name,Profile URL,Verified,Followers,Total Likes,Video Count,Videos Found,Keywords Matched,Bio
nayerastey,Naye Rastey,https://www.tiktok.com/@nayerastey,false,256400,4900000,1464,1,Tự học IELTS,Your new infotainment destination awaits!
desknddreams,desknddreams,https://www.tiktok.com/@desknddreams,false,913,6086,18,1,Tự học IELTS,"📚 BSCS Student 
Just documenting my journey ✨
💻 AI • Coding • Study Timelapse"
humdardielts,Professor Muhammad ibrahim,https://www.tiktok.com/@humdardielts,false,5188,68800,605,2,Tự học IELTS,"courses 100/Guaranteed base with Zero adv 
Two weeks preparations
03358053168"
hammad_explores,hammad_explores,https://www.tiktok.com/@hammad_explores,false,1433,46000,57,1,Tự học IELTS,"Please follow so that more students can get the guidance 
Fully Funded Scholarships & Internships guidance
Direct PhD @ KFUPM (Full Scholarship)"